Survived,Age,Fare,Sex_n,Embarked_n,Pclass_1,Pclass_2,Pclass_3,Parch_0,Parch_1+,SibSp_0,SibSp_1+
0,22.0,7.25,1.0,3,0,0,1,1,0,0,1
1,38.0,71.2833,0.0,0,1,0,0,1,0,0,1
1,26.0,7.925,0.0,3,0,0,1,1,0,1,0
1,35.0,53.1,0.0,3,1,0,0,1,0,0,1
0,35.0,8.05,1.0,3,0,0,1,1,0,1,0
0,27.837268699362113,8.4583,1.0,2,0,0,1,1,0,1,0
0,54.0,51.8625,1.0,3,1,0,0,1,0,1,0
0,2.0,21.075,1.0,3,0,0,1,0,1,0,1
1,27.0,11.1333,0.0,3,0,0,1,0,1,1,0
1,14.0,30.0708,0.0,0,0,1,0,1,0,0,1
1,4.0,16.7,0.0,3,0,0,1,0,1,0,1
1,58.0,26.55,0.0,3,1,0,0,1,0,1,0
0,20.0,8.05,1.0,3,0,0,1,1,0,1,0
0,39.0,31.275,1.0,3,0,0,1,0,1,0,1
0,14.0,7.8542,0.0,3,0,0,1,1,0,1,0
1,55.0,16.0,0.0,3,0,1,0,1,0,1,0
0,2.0,29.125,1.0,2,0,0,1,0,1,0,1
1,35.566243447317234,13.0,1.0,3,0,1,0,1,0,1,0
0,31.0,18.0,0.0,3,0,0,1,1,0,0,1
1,23.362790772255615,7.225,0.0,0,0,0,1,1,0,1,0
0,35.0,26.0,1.0,3,0,1,0,1,0,1,0
1,34.0,13.0,1.0,3,0,1,0,1,0,1,0
1,15.0,8.0292,0.0,2,0,0,1,1,0,1,0
1,28.0,35.5,1.0,3,1,0,0,1,0,1,0
0,8.0,21.075,0.0,3,0,0,1,0,1,0,1
1,38.0,31.3875,0.0,3,0,0,1,0,1,0,1
0,26.498124453258004,7.225,1.0,0,0,0,1,1,0,1,0
0,19.0,263.0,1.0,3,1,0,0,0,1,0,1
1,24.71029569933425,7.8792,0.0,2,0,0,1,1,0,1,0
0,28.52386464726499,7.8958,1.0,3,0,0,1,1,0,1,0
0,40.0,27.7208,1.0,0,1,0,0,1,0,1,0
1,31.739511041632298,146.5208,0.0,0,1,0,0,1,0,0,1
1,24.712161007539926,7.75,0.0,2,0,0,1,1,0,1,0
0,66.0,10.5,1.0,3,0,1,0,1,0,1,0
0,28.0,82.1708,1.0,0,1,0,0,1,0,0,1
0,42.0,52.0,1.0,3,1,0,0,1,0,0,1
1,26.49806381630395,7.2292,1.0,0,0,0,1,1,0,1,0
0,21.0,8.05,1.0,3,0,0,1,1,0,1,0
0,18.0,18.0,0.0,3,0,0,1,1,0,0,1
1,14.0,11.2417,0.0,0,0,0,1,1,0,0,1
0,40.0,9.475,0.0,3,0,0,1,1,0,0,1
0,27.0,21.0,0.0,3,0,1,0,1,0,0,1
0,26.488439865453287,7.8958,1.0,0,0,0,1,1,0,1,0
1,3.0,41.5792,0.0,0,0,1,0,0,1,0,1
1,19.0,7.8792,0.0,2,0,0,1,1,0,1,0
0,28.521638404808986,8.05,1.0,3,0,0,1,1,0,1,0
0,23.891250298029473,15.5,1.0,2,0,0,1,1,0,0,1
1,24.712161007539926,7.75,0.0,2,0,0,1,1,0,1,0
0,18.600734273791907,21.6792,1.0,0,0,0,1,1,0,0,1
0,18.0,17.8,0.0,3,0,0,1,1,0,0,1
0,7.0,39.6875,1.0,3,0,0,1,0,1,0,1
0,21.0,7.8,1.0,3,0,0,1,1,0,1,0
1,49.0,76.7292,0.0,0,1,0,0,1,0,0,1
1,29.0,26.0,0.0,3,0,1,0,1,0,0,1
0,65.0,61.9792,1.0,0,1,0,0,0,1,1,0
1,42.35747264609739,35.5,1.0,3,1,0,0,1,0,1,0
1,21.0,10.5,0.0,3,0,1,0,1,0,1,0
0,28.5,7.2292,1.0,0,0,0,1,1,0,1,0
1,5.0,27.75,0.0,3,0,1,0,0,1,0,1
0,11.0,46.9,1.0,3,0,0,1,0,1,0,1
0,22.0,7.2292,1.0,0,0,0,1,1,0,1,0
1,38.0,80.0,0.0,2,1,0,0,1,0,1,0
0,45.0,83.475,1.0,3,1,0,0,1,0,0,1
0,4.0,27.9,1.0,3,0,0,1,0,1,0,1
0,40.434359053090795,27.7208,1.0,0,1,0,0,1,0,1,0
1,21.716432980526257,15.2458,1.0,0,0,0,1,0,1,0,1
1,29.0,10.5,0.0,3,0,1,0,1,0,1,0
0,19.0,8.1583,1.0,3,0,0,1,1,0,1,0
1,17.0,7.925,0.0,3,0,0,1,0,1,0,1
0,26.0,8.6625,1.0,3,0,0,1,1,0,0,1
0,32.0,10.5,1.0,3,0,1,0,1,0,1,0
0,16.0,46.9,0.0,3,0,0,1,0,1,0,1
0,21.0,73.5,1.0,3,0,1,0,1,0,1,0
0,26.0,14.4542,1.0,0,0,0,1,1,0,0,1
1,32.0,56.4958,1.0,3,0,0,1,1,0,1,0
0,25.0,7.65,1.0,3,0,0,1,1,0,1,0
0,28.52386464726499,7.8958,1.0,3,0,0,1,1,0,1,0
0,28.521638404808986,8.05,1.0,3,0,0,1,1,0,1,0
1,0.83,29.0,1.0,3,0,1,0,0,1,1,0
1,30.0,12.475,0.0,3,0,0,1,1,0,1,0
0,22.0,9.0,1.0,3,0,0,1,1,0,1,0
1,29.0,9.5,1.0,3,0,0,1,1,0,1,0
1,24.71161960616444,7.7875,0.0,2,0,0,1,1,0,1,0
0,28.0,47.1,1.0,3,1,0,0,1,0,1,0
1,17.0,10.5,0.0,3,0,1,0,1,0,1,0
1,33.0,15.85,0.0,3,0,0,1,1,0,0,1
0,16.0,34.375,1.0,3,0,0,1,0,1,0,1
0,28.521638404808986,8.05,1.0,3,0,0,1,1,0,1,0
1,23.0,263.0,0.0,3,1,0,0,0,1,0,1
0,24.0,8.05,1.0,3,0,0,1,1,0,1,0
0,29.0,8.05,1.0,3,0,0,1,1,0,1,0
0,20.0,7.8542,1.0,3,0,0,1,1,0,1,0
0,46.0,61.175,1.0,3,1,0,0,1,0,0,1
0,26.0,20.575,1.0,3,0,0,1,0,1,0,1
0,59.0,7.25,1.0,3,0,0,1,1,0,1,0
0,28.521638404808986,8.05,1.0,3,0,0,1,1,0,1,0
0,71.0,34.6542,1.0,0,1,0,0,1,0,1,0
1,23.0,63.3583,1.0,0,1,0,0,0,1,1,0
1,34.0,23.0,0.0,3,0,1,0,0,1,1,0
0,34.0,26.0,1.0,3,0,1,0,1,0,0,1
0,28.0,7.8958,0.0,3,0,0,1,1,0,1,0
0,28.52386464726499,7.8958,1.0,3,0,0,1,1,0,1,0
0,21.0,77.2875,1.0,3,1,0,0,0,1,1,0
0,33.0,8.6542,1.0,3,0,0,1,1,0,1,0
0,37.0,7.925,1.0,3,0,0,1,1,0,0,1
0,28.0,7.8958,1.0,3,0,0,1,1,0,1,0
1,21.0,7.65,0.0,3,0,0,1,1,0,1,0
1,28.52560868156256,7.775,1.0,3,0,0,1,1,0,1,0
0,38.0,7.8958,1.0,3,0,0,1,1,0,1,0
1,20.631033366414663,24.15,0.0,2,0,0,1,1,0,0,1
0,47.0,52.0,1.0,3,1,0,0,1,0,1,0
0,14.5,14.4542,0.0,0,0,0,1,1,0,0,1
0,22.0,8.05,1.0,3,0,0,1,1,0,1,0
0,20.0,9.825,0.0,3,0,0,1,1,0,0,1
0,17.0,14.4583,0.0,0,0,0,1,1,0,1,0
0,21.0,7.925,1.0,3,0,0,1,1,0,1,0
0,70.5,7.75,1.0,2,0,0,1,1,0,1,0
0,29.0,21.0,1.0,3,0,1,0,1,0,0,1
0,24.0,247.5208,1.0,0,1,0,0,0,1,1,0
0,2.0,31.275,0.0,3,0,0,1,0,1,0,1
0,21.0,73.5,1.0,3,0,1,0,1,0,0,1
0,28.521638404808986,8.05,1.0,3,0,0,1,1,0,1,0
0,32.5,30.0708,1.0,0,0,1,0,1,0,0,1
1,32.5,13.0,0.0,3,0,1,0,1,0,1,0
0,54.0,77.2875,1.0,3,1,0,0,0,1,1,0
1,12.0,11.2417,1.0,0,0,0,1,1,0,0,1
0,27.847494688542316,7.75,1.0,2,0,0,1,1,0,1,0
1,24.0,7.1417,1.0,3,0,0,1,1,0,1,0
1,18.478413505306428,22.3583,0.0,0,0,0,1,0,1,0,1
0,45.0,6.975,1.0,3,0,0,1,1,0,1,0
0,33.0,7.8958,1.0,0,0,0,1,1,0,1,0
0,20.0,7.05,1.0,3,0,0,1,1,0,1,0
0,47.0,14.5,0.0,3,0,0,1,1,0,0,1
1,29.0,26.0,0.0,3,0,1,0,1,0,0,1
0,25.0,13.0,1.0,3,0,1,0,1,0,1,0
0,23.0,15.0458,1.0,0,0,1,0,1,0,1,0
1,19.0,26.2833,0.0,3,1,0,0,0,1,1,0
0,37.0,53.1,1.0,3,1,0,0,1,0,0,1
0,16.0,9.2167,1.0,3,0,0,1,1,0,1,0
0,24.0,79.2,1.0,0,1,0,0,1,0,1,0
0,21.60391663001661,15.2458,0.0,0,0,0,1,0,1,1,0
1,22.0,7.75,0.0,3,0,0,1,1,0,1,0
1,24.0,15.85,0.0,3,0,0,1,1,0,0,1
0,19.0,6.75,1.0,2,0,0,1,1,0,1,0
0,18.0,11.5,1.0,3,0,1,0,1,0,1,0
0,19.0,36.75,1.0,3,0,1,0,0,1,0,1
1,27.0,7.7958,1.0,3,0,0,1,1,0,1,0
0,9.0,34.375,0.0,3,0,0,1,0,1,0,1
0,36.5,26.0,1.0,3,0,1,0,0,1,1,0
0,42.0,13.0,1.0,3,0,1,0,1,0,1,0
0,51.0,12.525,1.0,3,0,1,0,1,0,1,0
1,22.0,66.6,0.0,3,1,0,0,1,0,0,1
0,55.5,8.05,1.0,3,0,0,1,1,0,1,0
0,40.5,14.5,1.0,3,0,0,1,0,1,1,0
0,28.53228596519357,7.3125,1.0,3,0,0,1,1,0,1,0
0,51.0,61.3792,1.0,0,1,0,0,0,1,1,0
1,16.0,7.7333,0.0,2,0,0,1,1,0,1,0
0,30.0,8.05,1.0,3,0,0,1,1,0,1,0
0,28.512795515676025,8.6625,1.0,3,0,0,1,1,0,1,0
0,-4.764172919126047,69.55,1.0,3,0,0,1,0,1,0,1
0,44.0,16.1,1.0,3,0,0,1,0,1,1,0
1,40.0,15.75,0.0,3,0,1,0,1,0,1,0
0,26.0,7.775,1.0,3,0,0,1,1,0,1,0
0,17.0,8.6625,1.0,3,0,0,1,1,0,1,0
0,1.0,39.6875,1.0,3,0,0,1,0,1,0,1
1,9.0,20.525,1.0,3,0,0,1,0,1,1,0
1,38.119072807422185,55.0,0.0,3,1,0,0,0,1,1,0
0,45.0,27.9,0.0,3,0,0,1,0,1,0,1
0,42.49571046397183,25.925,1.0,3,1,0,0,1,0,1,0
0,28.0,56.4958,1.0,3,0,0,1,1,0,1,0
0,61.0,33.5,1.0,3,1,0,0,1,0,1,0
0,4.0,29.125,1.0,2,0,0,1,0,1,0,1
1,1.0,11.1333,0.0,3,0,0,1,0,1,0,1
0,21.0,7.925,1.0,3,0,0,1,1,0,1,0
0,56.0,30.6958,1.0,0,1,0,0,1,0,1,0
0,18.0,7.8542,1.0,3,0,0,1,0,1,0,1
0,15.915585301347878,25.4667,1.0,3,0,0,1,0,1,0,1
0,50.0,28.7125,0.0,0,1,0,0,1,0,1,0
0,30.0,13.0,1.0,3,0,1,0,1,0,1,0
0,36.0,0.0,1.0,3,0,0,1,1,0,1,0
0,-7.89950660012844,69.55,0.0,3,0,0,1,0,1,0,1
0,33.50122205697889,15.05,1.0,0,0,1,0,1,0,1,0
0,9.0,31.3875,1.0,3,0,0,1,0,1,0,1
1,1.0,39.0,1.0,3,0,1,0,0,1,0,1
1,4.0,22.025,0.0,3,0,0,1,0,1,1,0
0,42.14813078090894,50.0,1.0,3,1,0,0,1,0,1,0
1,20.755916617027083,15.5,0.0,2,0,0,1,1,0,0,1
1,45.0,26.55,1.0,3,1,0,0,1,0,1,0
0,40.0,15.5,1.0,2,0,0,1,0,1,0,1
0,36.0,7.8958,1.0,3,0,0,1,1,0,1,0
1,32.0,13.0,0.0,3,0,1,0,1,0,1,0
0,19.0,13.0,1.0,3,0,1,0,1,0,1,0
1,19.0,7.8542,0.0,3,0,0,1,1,0,0,1
1,3.0,26.0,1.0,3,0,1,0,0,1,0,1
1,44.0,27.7208,0.0,0,1,0,0,1,0,1,0
1,58.0,146.5208,0.0,0,1,0,0,1,0,1,0
0,27.847494688542316,7.75,1.0,2,0,0,1,1,0,1,0
0,42.0,8.4042,1.0,3,0,0,1,0,1,1,0
1,24.712161007539926,7.75,0.0,2,0,0,1,1,0,1,0
0,24.0,13.0,0.0,3,0,1,0,1,0,1,0
0,28.0,9.5,1.0,3,0,0,1,1,0,1,0
0,-4.764172919126047,69.55,1.0,3,0,0,1,0,1,0,1
0,34.0,6.4958,1.0,3,0,0,1,1,0,1,0
0,45.5,7.225,1.0,0,0,0,1,1,0,1,0
1,18.0,8.05,1.0,3,0,0,1,1,0,1,0
0,2.0,10.4625,0.0,3,0,0,1,0,1,1,0
0,32.0,15.85,1.0,3,0,0,1,1,0,0,1
1,26.0,18.7875,1.0,0,0,0,1,1,0,1,0
1,16.0,7.75,0.0,2,0,0,1,1,0,1,0
1,40.0,31.0,1.0,0,1,0,0,1,0,1,0
0,24.0,7.05,1.0,3,0,0,1,1,0,1,0
1,35.0,21.0,0.0,3,0,1,0,1,0,1,0
0,22.0,7.25,1.0,3,0,0,1,1,0,1,0
0,30.0,13.0,1.0,3,0,1,0,1,0,1,0
0,24.003139915630193,7.75,1.0,2,0,0,1,1,0,0,1
1,31.0,113.275,0.0,0,1,0,0,1,0,0,1
1,27.0,7.925,0.0,3,0,0,1,1,0,1,0
0,42.0,27.0,1.0,3,0,1,0,1,0,0,1
1,32.0,76.2917,0.0,0,1,0,0,1,0,1,0
0,30.0,10.5,1.0,3,0,1,0,1,0,1,0
1,16.0,8.05,1.0,3,0,0,1,1,0,1,0
0,27.0,13.0,1.0,3,0,1,0,1,0,1,0
0,51.0,8.05,1.0,3,0,0,1,1,0,1,0
0,28.52386464726499,7.8958,1.0,3,0,0,1,1,0,1,0
1,38.0,90.0,1.0,3,1,0,0,1,0,0,1
0,22.0,9.35,1.0,3,0,0,1,1,0,1,0
1,19.0,10.5,1.0,3,0,1,0,1,0,1,0
0,20.5,7.25,1.0,3,0,0,1,1,0,1,0
0,18.0,13.0,1.0,3,0,1,0,1,0,1,0
0,12.780251620345489,25.4667,0.0,3,0,0,1,0,1,0,1
1,35.0,83.475,0.0,3,1,0,0,1,0,0,1
0,29.0,7.775,1.0,3,0,0,1,1,0,1,0
0,59.0,13.5,1.0,3,0,1,0,1,0,1,0
1,5.0,31.3875,0.0,3,0,0,1,0,1,0,1
0,24.0,10.5,1.0,3,0,1,0,1,0,1,0
0,25.393523408813095,7.55,0.0,3,0,0,1,1,0,1,0
0,44.0,26.0,1.0,3,0,1,0,1,0,0,1
1,8.0,26.25,0.0,3,0,1,0,0,1,1,0
0,19.0,10.5,1.0,3,0,1,0,1,0,1,0
0,33.0,12.275,1.0,3,0,1,0,1,0,1,0
0,19.414065364045538,14.4542,0.0,0,0,0,1,1,0,0,1
1,20.755916617027083,15.5,0.0,2,0,0,1,1,0,0,1
0,29.0,10.5,1.0,3,0,1,0,1,0,1,0
0,22.0,7.125,1.0,3,0,0,1,1,0,1,0
0,30.0,7.225,1.0,0,0,0,1,1,0,1,0
0,44.0,90.0,1.0,2,1,0,0,1,0,0,1
0,25.0,7.775,0.0,3,0,0,1,1,0,1,0
1,24.0,14.5,0.0,3,0,1,0,0,1,1,0
1,37.0,52.5542,1.0,3,1,0,0,0,1,0,1
0,54.0,26.0,1.0,3,0,1,0,1,0,0,1
0,28.533188300819383,7.25,1.0,3,0,0,1,1,0,1,0
0,29.0,10.4625,0.0,3,0,0,1,0,1,0,1
0,62.0,26.55,1.0,3,1,0,0,1,0,1,0
0,30.0,16.1,1.0,3,0,0,1,1,0,0,1
0,41.0,20.2125,0.0,3,0,0,1,0,1,1,0
1,29.0,15.2458,0.0,0,0,0,1,0,1,1,0
1,36.555801113715354,79.2,0.0,0,1,0,0,1,0,1,0
1,30.0,86.5,0.0,3,1,0,0,1,0,1,0
1,35.0,512.3292,0.0,0,1,0,0,1,0,1,0
1,50.0,26.0,0.0,3,0,1,0,0,1,1,0
0,27.847494688542316,7.75,1.0,2,0,0,1,1,0,1,0
1,3.0,31.3875,1.0,3,0,0,1,0,1,0,1
0,52.0,79.65,1.0,3,1,0,0,0,1,0,1
0,40.0,0.0,1.0,3,1,0,0,1,0,1,0
0,24.712161007539926,7.75,0.0,2,0,0,1,1,0,1,0
0,36.0,10.5,1.0,3,0,1,0,1,0,1,0
0,16.0,39.6875,1.0,3,0,0,1,0,1,0,1
1,25.0,7.775,1.0,3,0,0,1,1,0,0,1
1,58.0,153.4625,0.0,3,1,0,0,0,1,1,0
1,35.0,135.6333,0.0,3,1,0,0,1,0,1,0
0,42.42244081115588,31.0,1.0,3,1,0,0,1,0,1,0
1,25.0,0.0,1.0,3,0,0,1,1,0,1,0
1,41.0,19.5,0.0,3,0,1,0,0,1,1,0
0,37.0,29.7,1.0,0,1,0,0,0,1,1,0
1,24.712161007539926,7.75,0.0,2,0,0,1,1,0,1,0
1,63.0,77.9583,0.0,3,1,0,0,1,0,0,1
0,45.0,7.75,0.0,3,0,0,1,1,0,1,0
0,35.75392925748619,0.0,1.0,3,0,1,0,1,0,1,0
0,7.0,29.125,1.0,2,0,0,1,0,1,0,1
1,35.0,20.25,0.0,3,0,0,1,0,1,0,1
0,65.0,7.75,1.0,2,0,0,1,1,0,1,0
0,28.0,7.8542,1.0,3,0,0,1,1,0,1,0
0,16.0,9.5,1.0,3,0,0,1,1,0,1,0
1,19.0,8.05,1.0,3,0,0,1,1,0,1,0
0,42.49462766122086,26.0,1.0,3,1,0,0,1,0,1,0
0,33.0,8.6625,1.0,0,0,0,1,1,0,1,0
1,30.0,9.5,1.0,3,0,0,1,1,0,1,0
0,22.0,7.8958,1.0,3,0,0,1,1,0,1,0
1,42.0,13.0,1.0,3,0,1,0,1,0,1,0
1,22.0,7.75,0.0,2,0,0,1,1,0,1,0
1,26.0,78.85,0.0,3,1,0,0,1,0,1,0
1,19.0,91.0792,0.0,0,1,0,0,1,0,0,1
0,36.0,12.875,1.0,0,0,1,0,1,0,1,0
0,24.0,8.85,0.0,3,0,0,1,1,0,1,0
0,24.0,7.8958,1.0,3,0,0,1,1,0,1,0
0,40.434359053090795,27.7208,1.0,0,1,0,0,1,0,1,0
0,23.5,7.2292,1.0,0,0,0,1,1,0,1,0
0,2.0,151.55,0.0,3,1,0,0,0,1,0,1
1,42.42965949616237,30.5,1.0,3,1,0,0,1,0,1,0
1,50.0,247.5208,0.0,0,1,0,0,0,1,1,0
1,24.712161007539926,7.75,0.0,2,0,0,1,1,0,1,0
1,19.93500590751663,23.25,1.0,2,0,0,1,1,0,0,1
0,19.0,0.0,1.0,3,0,0,1,1,0,1,0
1,31.761819129552723,12.35,0.0,2,0,1,0,1,0,1,0
0,28.521638404808986,8.05,1.0,3,0,0,1,1,0,1,0
1,0.92,151.55,1.0,3,1,0,0,0,1,0,1
1,36.09837758838258,110.8833,0.0,0,1,0,0,1,0,1,0
1,17.0,108.9,0.0,0,1,0,0,1,0,0,1
0,30.0,24.0,1.0,0,0,1,0,1,0,0,1
1,30.0,56.9292,0.0,0,1,0,0,1,0,1,0
1,24.0,83.1583,0.0,0,1,0,0,1,0,1,0
1,18.0,262.375,0.0,0,1,0,0,0,1,0,1
0,26.0,26.0,0.0,3,0,1,0,0,1,0,1
0,28.0,7.8958,1.0,3,0,0,1,1,0,1,0
0,43.0,26.25,1.0,3,0,1,0,0,1,0,1
1,26.0,7.8542,0.0,3,0,0,1,1,0,1,0
1,24.0,26.0,0.0,3,0,1,0,1,0,0,1
0,54.0,14.0,1.0,3,0,1,0,1,0,1,0
1,31.0,164.8667,0.0,3,1,0,0,0,1,1,0
1,40.0,134.5,0.0,0,1,0,0,0,1,0,1
0,22.0,7.25,1.0,3,0,0,1,1,0,1,0
0,27.0,7.8958,1.0,3,0,0,1,1,0,1,0
1,30.0,12.35,0.0,2,0,1,0,1,0,1,0
1,22.0,29.0,0.0,3,0,1,0,0,1,0,1
0,-4.764172919126047,69.55,1.0,3,0,0,1,0,1,0,1
1,36.0,135.6333,0.0,0,1,0,0,1,0,1,0
0,61.0,6.2375,1.0,3,0,0,1,1,0,1,0
1,36.0,13.0,0.0,3,0,1,0,1,0,1,0
1,31.0,20.525,0.0,3,0,0,1,0,1,0,1
1,16.0,57.9792,0.0,0,1,0,0,0,1,1,0
1,16.79967222651424,23.25,0.0,2,0,0,1,1,0,0,1
0,45.5,28.5,1.0,3,1,0,0,1,0,1,0
0,38.0,153.4625,1.0,3,1,0,0,0,1,1,0
0,16.0,18.0,1.0,3,0,0,1,1,0,0,1
1,33.960756325407274,133.65,0.0,3,1,0,0,1,0,0,1
0,28.52386464726499,7.8958,1.0,3,0,0,1,1,0,1,0
0,29.0,66.6,1.0,3,1,0,0,1,0,0,1
1,41.0,134.5,0.0,0,1,0,0,1,0,1,0
1,45.0,8.05,1.0,3,0,0,1,1,0,1,0
0,45.0,35.5,1.0,3,1,0,0,1,0,1,0
1,2.0,26.0,1.0,3,0,1,0,0,1,0,1
1,24.0,263.0,0.0,3,1,0,0,0,1,0,1
0,28.0,13.0,1.0,3,0,1,0,1,0,1,0
0,25.0,13.0,1.0,3,0,1,0,1,0,1,0
0,36.0,13.0,1.0,3,0,1,0,1,0,1,0
1,24.0,13.0,0.0,3,0,1,0,1,0,1,0
1,40.0,13.0,0.0,3,0,1,0,1,0,1,0
1,21.42572912228985,16.1,0.0,3,0,0,1,1,0,0,1
1,3.0,15.9,1.0,3,0,0,1,0,1,0,1
0,42.0,8.6625,1.0,3,0,0,1,1,0,1,0
0,23.0,9.225,1.0,3,0,0,1,1,0,1,0
0,42.36469133110389,35.0,1.0,3,1,0,0,1,0,1,0
0,15.0,7.2292,1.0,0,0,0,1,0,1,0,1
0,25.0,17.8,1.0,3,0,0,1,1,0,0,1
0,26.498124453258004,7.225,1.0,0,0,0,1,1,0,1,0
0,28.0,9.5,1.0,3,0,0,1,1,0,1,0
1,22.0,55.0,0.0,3,1,0,0,0,1,1,0
0,38.0,13.0,0.0,3,0,1,0,1,0,1,0
1,24.71029569933425,7.8792,0.0,2,0,0,1,1,0,1,0
1,24.71029569933425,7.8792,0.0,2,0,0,1,1,0,1,0
0,40.0,27.9,1.0,3,0,0,1,0,1,0,1
0,29.0,27.7208,1.0,0,0,1,0,1,0,0,1
0,45.0,14.4542,0.0,0,0,0,1,0,1,1,0
0,35.0,7.05,1.0,3,0,0,1,1,0,1,0
0,23.891250298029473,15.5,1.0,2,0,0,1,1,0,0,1
0,30.0,7.25,1.0,3,0,0,1,1,0,1,0
1,60.0,75.25,0.0,0,1,0,0,1,0,0,1
1,23.36273013530156,7.2292,0.0,0,0,0,1,1,0,1,0
1,24.712161007539926,7.75,0.0,2,0,0,1,1,0,1,0
1,24.0,69.3,0.0,0,1,0,0,1,0,1,0
1,25.0,55.4417,1.0,0,1,0,0,1,0,0,1
0,18.0,6.4958,1.0,3,0,0,1,1,0,0,1
0,19.0,8.05,1.0,3,0,0,1,1,0,1,0
0,22.0,135.6333,1.0,0,1,0,0,1,0,1,0
0,3.0,21.075,0.0,3,0,0,1,0,1,0,1
1,32.66855580196862,82.1708,0.0,0,1,0,0,1,0,0,1
1,22.0,7.25,0.0,3,0,0,1,1,0,1,0
0,27.0,211.5,1.0,0,1,0,0,0,1,1,0
0,20.0,4.0125,1.0,0,0,0,1,1,0,1,0
0,19.0,7.775,1.0,3,0,0,1,1,0,1,0
1,42.0,227.525,0.0,0,1,0,0,1,0,1,0
1,1.0,15.7417,0.0,0,0,0,1,0,1,1,0
0,32.0,7.925,1.0,3,0,0,1,1,0,1,0
1,35.0,52.0,0.0,3,1,0,0,1,0,0,1
0,28.52386464726499,7.8958,1.0,3,0,0,1,1,0,1,0
0,18.0,73.5,1.0,3,0,1,0,1,0,1,0
0,1.0,46.9,1.0,3,0,0,1,0,1,0,1
1,36.0,13.0,0.0,3,0,1,0,1,0,1,0
0,27.847794985838586,7.7292,1.0,2,0,0,1,1,0,1,0
1,17.0,12.0,0.0,0,0,1,0,1,0,1,0
1,36.0,120.0,1.0,3,1,0,0,0,1,0,1
1,21.0,7.7958,1.0,3,0,0,1,1,0,1,0
0,28.0,7.925,1.0,3,0,0,1,1,0,0,1
1,23.0,113.275,0.0,0,1,0,0,1,0,0,1
1,24.0,16.7,0.0,3,0,0,1,0,1,1,0
0,22.0,7.7958,1.0,3,0,0,1,1,0,1,0
0,31.0,7.8542,0.0,3,0,0,1,1,0,1,0
0,46.0,26.0,1.0,3,0,1,0,1,0,1,0
0,23.0,10.5,1.0,3,0,1,0,1,0,1,0
1,28.0,12.65,0.0,3,0,1,0,1,0,1,0
1,39.0,7.925,1.0,3,0,0,1,1,0,1,0
0,26.0,8.05,1.0,3,0,0,1,1,0,1,0
0,21.0,9.825,0.0,3,0,0,1,1,0,0,1
0,28.0,15.85,1.0,3,0,0,1,1,0,0,1
0,20.0,8.6625,0.0,3,0,0,1,1,0,1,0
0,34.0,21.0,1.0,3,0,1,0,1,0,0,1
0,51.0,7.75,1.0,3,0,0,1,1,0,1,0
1,3.0,18.75,1.0,3,0,1,0,0,1,0,1
0,21.0,7.775,1.0,3,0,0,1,1,0,1,0
0,12.780251620345489,25.4667,0.0,3,0,0,1,0,1,0,1
0,28.52386464726499,7.8958,1.0,3,0,0,1,1,0,1,0
0,27.860368491382907,6.8583,1.0,2,0,0,1,1,0,1,0
1,33.0,90.0,0.0,2,1,0,0,1,0,0,1
0,35.75392925748619,0.0,1.0,3,0,1,0,1,0,1,0
1,44.0,7.925,1.0,3,0,0,1,1,0,1,0
0,25.386304723806596,8.05,0.0,3,0,0,1,1,0,1,0
1,34.0,32.5,0.0,3,0,1,0,0,1,0,1
1,18.0,13.0,0.0,3,0,1,0,0,1,1,0
0,30.0,13.0,1.0,3,0,1,0,1,0,1,0
0,10.0,24.15,0.0,3,0,0,1,0,1,1,0
0,26.488439865453287,7.8958,1.0,0,0,0,1,1,0,1,0
0,21.0,7.7333,1.0,2,0,0,1,1,0,1,0
0,29.0,7.875,1.0,3,0,0,1,1,0,1,0
0,28.0,14.4,0.0,3,0,0,1,0,1,0,1
0,18.0,20.2125,1.0,3,0,0,1,0,1,0,1
0,28.533188300819383,7.25,1.0,3,0,0,1,1,0,1,0
1,28.0,26.0,0.0,3,0,1,0,1,0,0,1
1,19.0,26.0,0.0,3,0,1,0,1,0,1,0
0,27.847494688542316,7.75,1.0,2,0,0,1,1,0,1,0
1,32.0,8.05,1.0,3,0,0,1,1,0,1,0
1,28.0,26.55,1.0,3,1,0,0,1,0,1,0
1,21.42572912228985,16.1,0.0,3,0,0,1,1,0,0,1
1,42.0,26.0,0.0,3,0,1,0,1,0,0,1
0,17.0,7.125,1.0,3,0,0,1,1,0,1,0
0,50.0,55.9,1.0,3,1,0,0,1,0,0,1
1,14.0,120.0,0.0,3,1,0,0,0,1,0,1
0,21.0,34.375,0.0,3,0,0,1,0,1,0,1
1,24.0,18.75,0.0,3,0,1,0,0,1,0,1
0,64.0,263.0,1.0,3,1,0,0,0,1,0,1
0,31.0,10.5,1.0,3,0,1,0,1,0,1,0
1,45.0,26.25,0.0,3,0,1,0,0,1,0,1
0,20.0,9.5,1.0,3,0,0,1,1,0,1,0
0,25.0,7.775,1.0,3,0,0,1,1,0,0,1
1,28.0,13.0,0.0,3,0,1,0,1,0,1,0
1,28.520736069183172,8.1125,1.0,3,0,0,1,1,0,1,0
1,4.0,81.8583,1.0,3,1,0,0,0,1,1,0
1,13.0,19.5,0.0,3,0,1,0,0,1,1,0
1,34.0,26.55,1.0,3,1,0,0,1,0,1,0
1,5.0,19.2583,0.0,0,0,0,1,0,1,0,1
1,52.0,30.5,1.0,3,1,0,0,1,0,1,0
0,36.0,27.75,1.0,3,0,1,0,0,1,0,1
0,24.505237824662988,19.9667,1.0,3,0,0,1,1,0,0,1
0,30.0,27.75,1.0,0,1,0,0,1,0,1,0
1,49.0,89.1042,1.0,0,1,0,0,1,0,0,1
0,28.521638404808986,8.05,1.0,3,0,0,1,1,0,1,0
1,29.0,7.8958,1.0,0,0,0,1,1,0,1,0
0,65.0,26.55,1.0,3,1,0,0,1,0,1,0
1,35.14155272534523,51.8625,0.0,3,1,0,0,1,0,0,1
1,50.0,10.5,0.0,3,0,1,0,1,0,1,0
0,27.847494688542316,7.75,1.0,2,0,0,1,1,0,1,0
1,48.0,26.55,1.0,3,1,0,0,1,0,1,0
0,34.0,8.05,1.0,3,0,0,1,1,0,1,0
0,47.0,38.5,1.0,3,1,0,0,1,0,1,0
0,48.0,13.0,1.0,3,0,1,0,1,0,1,0
0,28.521638404808986,8.05,1.0,3,0,0,1,1,0,1,0
0,38.0,7.05,1.0,3,0,0,1,1,0,1,0
0,35.75392925748619,0.0,1.0,3,0,1,0,1,0,1,0
0,56.0,26.55,1.0,3,1,0,0,1,0,1,0
0,27.847855622792643,7.725,1.0,2,0,0,1,1,0,1,0
1,0.75,19.2583,0.0,0,0,0,1,0,1,0,1
0,28.533188300819383,7.25,1.0,3,0,0,1,1,0,1,0
0,38.0,8.6625,1.0,3,0,0,1,1,0,1,0
1,33.0,27.75,0.0,3,0,1,0,0,1,0,1
1,23.0,13.7917,0.0,0,0,1,0,1,0,1,0
0,22.0,9.8375,0.0,3,0,0,1,1,0,1,0
0,42.11925604088295,52.0,1.0,3,1,0,0,1,0,1,0
0,34.0,21.0,1.0,3,0,1,0,1,0,0,1
0,29.0,7.0458,1.0,3,0,0,1,1,0,0,1
0,22.0,7.5208,1.0,3,0,0,1,1,0,1,0
1,2.0,12.2875,0.0,3,0,0,1,0,1,1,0
0,9.0,46.9,1.0,3,0,0,1,0,1,0,1
0,35.75392925748619,0.0,1.0,3,0,1,0,1,0,1,0
0,50.0,8.05,1.0,3,0,0,1,1,0,1,0
1,63.0,9.5875,0.0,3,0,0,1,1,0,1,0
1,25.0,91.0792,1.0,0,1,0,0,1,0,0,1
0,12.780251620345489,25.4667,0.0,3,0,0,1,0,1,0,1
1,35.0,90.0,0.0,3,1,0,0,1,0,0,1
0,58.0,29.7,1.0,0,1,0,0,1,0,1,0
0,30.0,8.05,1.0,3,0,0,1,1,0,1,0
1,9.0,15.9,1.0,3,0,0,1,0,1,0,1
0,24.505237824662988,19.9667,1.0,3,0,0,1,1,0,0,1
0,21.0,7.25,1.0,3,0,0,1,1,0,1,0
0,55.0,30.5,1.0,3,1,0,0,1,0,1,0
0,71.0,49.5042,1.0,0,1,0,0,1,0,1,0
0,21.0,8.05,1.0,3,0,0,1,1,0,1,0
0,26.393694624743,14.4583,1.0,0,0,0,1,1,0,1,0
1,54.0,78.2667,0.0,0,1,0,0,1,0,0,1
0,28.41985494621736,15.1,1.0,3,0,0,1,1,0,1,0
0,25.0,151.55,0.0,3,1,0,0,0,1,0,1
0,24.0,7.7958,1.0,3,0,0,1,1,0,1,0
0,17.0,8.6625,1.0,3,0,0,1,1,0,1,0
0,21.0,7.75,0.0,2,0,0,1,1,0,1,0
0,24.713905041837496,7.6292,0.0,2,0,0,1,1,0,1,0
0,37.0,9.5875,0.0,3,0,0,1,1,0,1,0
1,16.0,86.5,0.0,3,1,0,0,1,0,1,0
0,18.0,108.9,1.0,0,1,0,0,1,0,0,1
1,33.0,26.0,0.0,3,0,1,0,0,1,1,0
1,42.48668710771371,26.55,1.0,3,1,0,0,1,0,1,0
0,28.0,22.525,1.0,3,0,0,1,1,0,1,0
1,26.0,56.4958,1.0,3,0,0,1,1,0,1,0
1,29.0,7.75,1.0,2,0,0,1,1,0,1,0
0,28.521638404808986,8.05,1.0,3,0,0,1,1,0,1,0
1,36.0,26.2875,1.0,3,1,0,0,1,0,1,0
1,54.0,59.4,0.0,0,1,0,0,1,0,0,1
0,24.0,7.4958,1.0,3,0,0,1,1,0,1,0
0,47.0,34.0208,1.0,3,1,0,0,1,0,1,0
1,34.0,10.5,0.0,3,0,1,0,1,0,1,0
0,27.610721820329175,24.15,1.0,2,0,0,1,1,0,1,0
1,36.0,26.0,0.0,3,0,1,0,1,0,0,1
0,32.0,7.8958,1.0,3,0,0,1,1,0,1,0
1,30.0,93.5,0.0,3,1,0,0,1,0,1,0
0,22.0,7.8958,1.0,3,0,0,1,1,0,1,0
0,26.498124453258004,7.225,1.0,0,0,0,1,1,0,1,0
1,44.0,57.9792,0.0,0,1,0,0,0,1,1,0
0,26.49806381630395,7.2292,1.0,0,0,0,1,1,0,1,0
0,40.5,7.75,1.0,2,0,0,1,1,0,1,0
1,50.0,10.5,0.0,3,0,1,0,1,0,1,0
0,39.668090909972406,221.7792,1.0,3,1,0,0,1,0,1,0
0,39.0,7.925,1.0,3,0,0,1,1,0,1,0
0,23.0,11.5,1.0,3,0,1,0,0,1,0,1
1,2.0,26.0,0.0,3,0,1,0,0,1,0,1
0,26.49806381630395,7.2292,1.0,0,0,0,1,1,0,1,0
0,17.0,7.2292,1.0,0,0,0,1,0,1,0,1
1,21.50123083579917,22.3583,0.0,0,0,0,1,0,1,1,0
0,30.0,8.6625,0.0,3,0,0,1,1,0,1,0
1,7.0,26.25,0.0,3,0,1,0,0,1,1,0
0,45.0,26.55,1.0,3,1,0,0,1,0,1,0
1,30.0,106.425,0.0,0,1,0,0,1,0,1,0
0,28.428517368225158,14.5,1.0,3,0,0,1,1,0,1,0
1,22.0,49.5,0.0,0,1,0,0,0,1,1,0
1,36.0,71.0,0.0,3,1,0,0,0,1,1,0
0,9.0,31.275,0.0,3,0,0,1,0,1,0,1
0,11.0,31.275,0.0,3,0,0,1,0,1,0,1
1,32.0,26.0,1.0,3,0,1,0,1,0,0,1
0,50.0,106.425,1.0,0,1,0,0,1,0,0,1
0,64.0,26.0,1.0,3,1,0,0,1,0,1,0
1,19.0,26.0,0.0,3,0,1,0,1,0,0,1
1,33.51836643386932,13.8625,1.0,0,0,1,0,1,0,1,0
0,33.0,20.525,1.0,3,0,0,1,0,1,0,1
1,8.0,36.75,1.0,3,0,1,0,0,1,0,1
1,17.0,110.8833,1.0,0,1,0,0,0,1,1,0
0,27.0,26.0,1.0,3,0,1,0,1,0,1,0
0,27.846351248837287,7.8292,1.0,2,0,0,1,1,0,1,0
1,22.0,7.225,1.0,0,0,0,1,1,0,1,0
1,22.0,7.775,0.0,3,0,0,1,1,0,1,0
0,62.0,26.55,1.0,3,1,0,0,1,0,1,0
1,48.0,39.6,0.0,0,1,0,0,1,0,0,1
0,37.549711887540035,227.525,1.0,0,1,0,0,1,0,1,0
1,39.0,79.65,0.0,3,1,0,0,0,1,0,1
1,36.0,17.4,0.0,3,0,0,1,1,0,0,1
0,27.847494688542316,7.75,1.0,2,0,0,1,1,0,1,0
0,40.0,7.8958,1.0,3,0,0,1,1,0,1,0
0,28.0,13.5,1.0,3,0,1,0,1,0,1,0
0,28.521638404808986,8.05,1.0,3,0,0,1,1,0,1,0
0,25.386304723806596,8.05,0.0,3,0,0,1,1,0,1,0
0,24.0,24.15,1.0,3,0,0,1,1,0,0,1
0,19.0,7.8958,1.0,3,0,0,1,1,0,1,0
0,29.0,21.075,0.0,3,0,0,1,0,1,1,0
0,26.49806381630395,7.2292,1.0,0,0,0,1,1,0,1,0
1,32.0,7.8542,1.0,3,0,0,1,1,0,1,0
1,62.0,10.5,1.0,3,0,1,0,1,0,1,0
1,53.0,51.4792,0.0,3,1,0,0,1,0,0,1
1,36.0,26.3875,1.0,3,1,0,0,1,0,1,0
1,24.712161007539926,7.75,0.0,2,0,0,1,1,0,1,0
0,16.0,8.05,1.0,3,0,0,1,1,0,1,0
0,19.0,14.5,1.0,3,0,0,1,1,0,1,0
1,34.0,13.0,0.0,3,0,1,0,1,0,1,0
1,39.0,55.9,0.0,3,1,0,0,1,0,0,1
0,19.414006170828486,14.4583,0.0,0,0,0,1,1,0,0,1
1,32.0,7.925,1.0,3,0,0,1,1,0,1,0
1,25.0,30.0,0.0,3,0,1,0,0,1,0,1
1,39.0,110.8833,0.0,0,1,0,0,0,1,0,1
0,54.0,26.0,1.0,3,0,1,0,1,0,1,0
0,36.0,40.125,1.0,0,1,0,0,1,0,1,0
0,26.47664886536367,8.7125,1.0,0,0,0,1,1,0,1,0
1,18.0,79.65,0.0,3,1,0,0,0,1,1,0
0,47.0,15.0,1.0,3,0,1,0,1,0,1,0
1,60.0,79.2,1.0,0,1,0,0,0,1,0,1
0,22.0,8.05,1.0,3,0,0,1,1,0,1,0
0,28.521638404808986,8.05,1.0,3,0,0,1,1,0,1,0
0,35.0,7.125,1.0,3,0,0,1,1,0,1,0
1,52.0,78.2667,0.0,0,1,0,0,1,0,0,1
0,47.0,7.25,1.0,3,0,0,1,1,0,1,0
0,23.06908612270116,7.75,0.0,2,0,0,1,0,1,1,0
0,37.0,26.0,1.0,3,0,1,0,1,0,0,1
0,36.0,24.15,1.0,3,0,0,1,0,1,0,1
1,32.14216236605491,33.0,0.0,3,0,1,0,1,0,1,0
0,49.0,0.0,1.0,3,0,0,1,1,0,1,0
0,26.498124453258004,7.225,1.0,0,0,0,1,1,0,1,0
1,49.0,56.9292,1.0,0,1,0,0,1,0,0,1
1,24.0,27.0,0.0,3,0,1,0,0,1,0,1
0,28.52386464726499,7.8958,1.0,3,0,0,1,1,0,1,0
0,42.257854793007716,42.4,1.0,3,1,0,0,1,0,1,0
0,44.0,8.05,1.0,3,0,0,1,1,0,1,0
1,35.0,26.55,1.0,0,1,0,0,1,0,1,0
0,36.0,15.55,1.0,3,0,0,1,1,0,0,1
0,30.0,7.8958,1.0,3,0,0,1,1,0,1,0
1,27.0,30.5,1.0,3,1,0,0,1,0,1,0
1,22.0,41.5792,0.0,0,0,1,0,0,1,0,1
1,40.0,153.4625,0.0,3,1,0,0,1,0,1,0
0,39.0,31.275,0.0,3,0,0,1,0,1,0,1
0,28.53607577482198,7.05,1.0,3,0,0,1,1,0,1,0
1,20.755916617027083,15.5,0.0,2,0,0,1,1,0,0,1
0,27.847494688542316,7.75,1.0,2,0,0,1,1,0,1,0
0,35.0,8.05,1.0,3,0,0,1,1,0,1,0
1,24.0,65.0,0.0,3,0,1,0,0,1,0,1
0,34.0,14.4,1.0,3,0,0,1,0,1,0,1
0,26.0,16.1,0.0,3,0,0,1,1,0,0,1
1,4.0,39.0,0.0,3,0,1,0,0,1,0,1
0,26.0,10.5,1.0,3,0,1,0,1,0,1,0
0,27.0,14.4542,1.0,0,0,0,1,1,0,0,1
1,42.0,52.5542,1.0,3,1,0,0,1,0,0,1
1,20.0,15.7417,1.0,0,0,0,1,0,1,0,1
0,21.0,7.8542,1.0,3,0,0,1,1,0,1,0
0,21.0,16.1,1.0,3,0,0,1,1,0,1,0
0,61.0,32.3208,1.0,3,1,0,0,1,0,1,0
0,57.0,12.35,1.0,2,0,1,0,1,0,1,0
1,21.0,77.9583,0.0,3,1,0,0,1,0,1,0
0,26.0,7.8958,1.0,3,0,0,1,1,0,1,0
0,27.847735792621535,7.7333,1.0,2,0,0,1,1,0,1,0
1,80.0,30.0,1.0,3,1,0,0,1,0,1,0
0,51.0,7.0542,1.0,3,0,0,1,1,0,1,0
1,32.0,30.5,1.0,0,1,0,0,1,0,1,0
0,42.86999928155877,0.0,1.0,3,1,0,0,1,0,1,0
0,9.0,27.9,0.0,3,0,0,1,0,1,0,1
1,28.0,13.0,0.0,3,0,1,0,1,0,1,0
0,32.0,7.925,1.0,3,0,0,1,1,0,1,0
0,31.0,26.25,1.0,3,0,1,0,0,1,0,1
0,41.0,39.6875,0.0,3,0,0,1,0,1,1,0
0,24.56106280329224,16.1,1.0,3,0,0,1,1,0,0,1
0,20.0,7.8542,1.0,3,0,0,1,1,0,1,0
1,24.0,69.3,0.0,0,1,0,0,1,0,1,0
0,2.0,27.9,0.0,3,0,0,1,0,1,0,1
1,27.82220846463336,56.4958,1.0,3,0,0,1,1,0,1,0
1,0.75,19.2583,0.0,0,0,0,1,0,1,0,1
1,48.0,76.7292,1.0,0,1,0,0,1,0,0,1
0,19.0,7.8958,1.0,3,0,0,1,1,0,1,0
1,56.0,35.5,1.0,0,1,0,0,1,0,1,0
0,28.528857089815485,7.55,1.0,3,0,0,1,1,0,1,0
1,23.0,7.55,0.0,3,0,0,1,1,0,1,0
0,28.52386464726499,7.8958,1.0,3,0,0,1,1,0,1,0
1,18.0,23.0,0.0,3,0,1,0,0,1,1,0
0,21.0,8.4333,1.0,3,0,0,1,1,0,1,0
1,24.711017567834897,7.8292,0.0,2,0,0,1,1,0,1,0
0,18.0,6.75,0.0,2,0,0,1,1,0,1,0
0,24.0,73.5,1.0,3,0,1,0,1,0,0,1
0,28.52386464726499,7.8958,1.0,3,0,0,1,1,0,1,0
0,32.0,15.5,0.0,2,0,0,1,0,1,0,1
0,23.0,13.0,1.0,3,0,1,0,1,0,1,0
0,58.0,113.275,1.0,0,1,0,0,0,1,1,0
1,50.0,133.65,1.0,3,1,0,0,1,0,0,1
0,40.0,7.225,1.0,0,0,0,1,1,0,1,0
0,47.0,25.5875,1.0,3,1,0,0,1,0,1,0
0,36.0,7.4958,1.0,3,0,0,1,1,0,1,0
1,20.0,7.925,1.0,3,0,0,1,1,0,0,1
0,32.0,73.5,1.0,3,0,1,0,1,0,0,1
0,25.0,13.0,1.0,3,0,1,0,1,0,1,0
0,28.52560868156256,7.775,1.0,3,0,0,1,1,0,1,0
0,43.0,8.05,1.0,3,0,0,1,1,0,1,0
1,35.13956758696844,52.0,0.0,3,1,0,0,1,0,0,1
1,40.0,39.0,0.0,3,0,1,0,0,1,0,1
0,31.0,52.0,1.0,3,1,0,0,1,0,0,1
0,70.0,10.5,1.0,3,0,1,0,1,0,1,0
1,31.0,13.0,1.0,3,0,1,0,1,0,1,0
0,35.75392925748619,0.0,1.0,3,0,1,0,1,0,1,0
0,18.0,7.775,1.0,3,0,0,1,1,0,1,0
0,24.5,8.05,1.0,3,0,0,1,1,0,1,0
1,18.0,9.8417,0.0,3,0,0,1,1,0,1,0
0,43.0,46.9,0.0,3,0,0,1,0,1,0,1
1,36.0,512.3292,1.0,0,1,0,0,0,1,1,0
0,24.70656652665989,8.1375,0.0,2,0,0,1,1,0,1,0
1,27.0,76.7292,1.0,0,1,0,0,1,0,1,0
0,20.0,9.225,1.0,3,0,0,1,1,0,1,0
0,14.0,46.9,1.0,3,0,0,1,0,1,0,1
0,60.0,39.0,1.0,3,0,1,0,0,1,0,1
0,25.0,41.5792,1.0,0,0,1,0,0,1,0,1
0,14.0,39.6875,1.0,3,0,0,1,0,1,0,1
0,19.0,10.1708,1.0,3,0,0,1,1,0,1,0
0,18.0,7.7958,1.0,3,0,0,1,1,0,1,0
1,15.0,211.3375,0.0,3,1,0,0,0,1,1,0
1,31.0,57.0,1.0,3,1,0,0,1,0,0,1
1,4.0,13.4167,0.0,0,0,0,1,0,1,1,0
1,27.82220846463336,56.4958,1.0,3,0,0,1,1,0,1,0
0,25.0,7.225,1.0,0,0,0,1,1,0,1,0
0,60.0,26.55,1.0,3,1,0,0,1,0,1,0
0,52.0,13.5,1.0,3,0,1,0,1,0,1,0
0,44.0,8.05,1.0,3,0,0,1,1,0,1,0
1,24.712402111619145,7.7333,0.0,2,0,0,1,1,0,1,0
0,49.0,110.8833,1.0,0,1,0,0,0,1,0,1
0,42.0,7.65,1.0,3,0,0,1,1,0,1,0
1,18.0,227.525,0.0,0,1,0,0,1,0,0,1
1,35.0,26.2875,1.0,3,1,0,0,1,0,1,0
0,18.0,14.4542,0.0,0,0,0,1,0,1,1,0
0,25.0,7.7417,1.0,2,0,0,1,1,0,1,0
0,26.0,7.8542,1.0,3,0,0,1,1,0,0,1
0,39.0,26.0,1.0,3,0,1,0,1,0,1,0
1,45.0,13.5,0.0,3,0,1,0,1,0,1,0
1,42.0,26.2875,1.0,3,1,0,0,1,0,1,0
1,22.0,151.55,0.0,3,1,0,0,1,0,1,0
1,21.716432980526257,15.2458,1.0,0,0,0,1,0,1,0,1
1,24.0,49.5042,0.0,0,1,0,0,1,0,1,0
0,42.48668710771371,26.55,1.0,3,1,0,0,1,0,1,0
1,48.0,52.0,1.0,3,1,0,0,1,0,0,1
0,29.0,9.4833,1.0,3,0,0,1,1,0,1,0
0,52.0,13.0,1.0,3,0,1,0,1,0,1,0
0,19.0,7.65,1.0,3,0,0,1,1,0,1,0
1,38.0,227.525,0.0,0,1,0,0,1,0,1,0
1,27.0,10.5,0.0,3,0,1,0,1,0,1,0
0,27.735605070941595,15.5,1.0,2,0,0,1,1,0,1,0
0,33.0,7.775,1.0,3,0,0,1,1,0,1,0
1,6.0,33.0,0.0,3,0,1,0,0,1,1,0
0,17.0,7.0542,1.0,3,0,0,1,1,0,0,1
0,34.0,13.0,1.0,3,0,1,0,1,0,1,0
0,50.0,13.0,1.0,3,0,1,0,1,0,1,0
1,27.0,53.1,1.0,3,1,0,0,1,0,0,1
0,20.0,8.6625,1.0,3,0,0,1,1,0,1,0
1,30.0,21.0,0.0,3,0,1,0,1,0,0,1
1,24.712341474665088,7.7375,0.0,2,0,0,1,1,0,1,0
0,25.0,26.0,1.0,3,0,1,0,1,0,0,1
0,25.0,7.925,0.0,3,0,0,1,1,0,0,1
1,29.0,211.3375,0.0,3,1,0,0,1,0,1,0
0,11.0,18.7875,1.0,0,0,0,1,1,0,1,0
0,35.75392925748619,0.0,1.0,3,0,1,0,1,0,1,0
0,23.0,13.0,1.0,3,0,1,0,1,0,1,0
0,23.0,13.0,1.0,3,0,1,0,1,0,1,0
0,28.5,16.1,1.0,3,0,0,1,1,0,1,0
0,48.0,34.375,0.0,3,0,0,1,0,1,0,1
1,35.0,512.3292,1.0,0,1,0,0,1,0,1,0
0,28.52386464726499,7.8958,1.0,3,0,0,1,1,0,1,0
0,28.52386464726499,7.8958,1.0,3,0,0,1,1,0,1,0
1,42.43687818116887,30.0,1.0,3,1,0,0,1,0,1,0
0,36.0,78.85,1.0,3,1,0,0,1,0,0,1
1,21.0,262.375,0.0,0,1,0,0,0,1,0,1
0,24.0,16.1,1.0,3,0,0,1,1,0,0,1
1,31.0,7.925,1.0,3,0,0,1,1,0,1,0
0,70.0,71.0,1.0,3,1,0,0,0,1,0,1
0,16.0,20.25,1.0,3,0,0,1,0,1,0,1
1,30.0,13.0,0.0,3,0,1,0,1,0,1,0
0,19.0,53.1,1.0,3,1,0,0,1,0,0,1
0,31.0,7.75,1.0,2,0,0,1,1,0,1,0
1,4.0,23.0,0.0,3,0,1,0,0,1,0,1
1,6.0,12.475,1.0,3,0,0,1,0,1,1,0
0,33.0,9.5,1.0,3,0,0,1,1,0,1,0
0,23.0,7.8958,1.0,3,0,0,1,1,0,1,0
1,48.0,65.0,0.0,3,0,1,0,0,1,0,1
1,0.67,14.5,1.0,3,0,1,0,0,1,0,1
0,28.0,7.7958,1.0,3,0,0,1,1,0,1,0
0,18.0,11.5,1.0,3,0,1,0,1,0,1,0
0,34.0,8.05,1.0,3,0,0,1,1,0,1,0
1,33.0,86.5,0.0,3,1,0,0,1,0,1,0
0,28.428517368225158,14.5,1.0,3,0,0,1,1,0,1,0
0,41.0,7.125,1.0,3,0,0,1,1,0,1,0
1,20.0,7.2292,1.0,0,0,0,1,1,0,1,0
1,36.0,120.0,0.0,3,1,0,0,0,1,0,1
0,16.0,7.775,1.0,3,0,0,1,1,0,1,0
1,51.0,77.9583,0.0,3,1,0,0,1,0,0,1
0,40.26285464723241,39.6,1.0,0,1,0,0,1,0,1,0
0,30.5,7.75,0.0,2,0,0,1,1,0,1,0
0,23.766367047417052,24.15,1.0,2,0,0,1,1,0,0,1
0,32.0,8.3625,1.0,3,0,0,1,1,0,1,0
0,24.0,9.5,1.0,3,0,0,1,1,0,1,0
0,48.0,7.8542,1.0,3,0,0,1,1,0,1,0
0,57.0,10.5,0.0,3,0,1,0,1,0,1,0
0,26.498124453258004,7.225,1.0,0,0,0,1,1,0,1,0
1,54.0,23.0,0.0,3,0,1,0,0,1,0,1
0,18.0,7.75,1.0,3,0,0,1,1,0,1,0
0,27.847494688542316,7.75,1.0,2,0,0,1,1,0,1,0
1,5.0,12.475,0.0,3,0,0,1,1,0,1,0
0,27.847675155667478,7.7375,1.0,2,0,0,1,1,0,1,0
1,43.0,211.3375,0.0,3,1,0,0,0,1,1,0
1,13.0,7.2292,0.0,0,0,0,1,1,0,1,0
1,17.0,57.0,0.0,3,1,0,0,1,0,0,1
0,29.0,30.0,1.0,3,1,0,0,1,0,1,0
0,22.811873248857953,23.45,1.0,3,0,0,1,0,1,0,1
0,25.0,7.05,1.0,3,0,0,1,1,0,1,0
0,25.0,7.25,1.0,3,0,0,1,1,0,1,0
1,18.0,7.4958,0.0,3,0,0,1,1,0,1,0
0,8.0,29.125,1.0,2,0,0,1,0,1,0,1
1,1.0,20.575,1.0,3,0,0,1,0,1,0,1
0,46.0,79.2,1.0,0,1,0,0,1,0,1,0
0,27.847494688542316,7.75,1.0,2,0,0,1,1,0,1,0
0,16.0,26.0,1.0,3,0,1,0,1,0,1,0
0,-7.89950660012844,69.55,0.0,3,0,0,1,0,1,0,1
0,40.39140787730213,30.6958,1.0,0,1,0,0,1,0,1,0
0,25.0,7.8958,1.0,3,0,0,1,1,0,1,0
0,39.0,13.0,1.0,3,0,1,0,1,0,1,0
1,49.0,25.9292,0.0,3,1,0,0,1,0,1,0
1,31.0,8.6833,0.0,3,0,0,1,1,0,1,0
0,30.0,7.2292,1.0,0,0,0,1,1,0,1,0
0,30.0,24.15,0.0,3,0,0,1,0,1,0,1
0,34.0,13.0,1.0,3,0,1,0,1,0,1,0
1,31.0,26.25,0.0,3,0,1,0,0,1,0,1
1,11.0,120.0,1.0,3,1,0,0,0,1,0,1
1,0.42,8.5167,1.0,0,0,0,1,0,1,1,0
1,27.0,6.975,1.0,3,0,0,1,1,0,1,0
0,31.0,7.775,1.0,3,0,0,1,1,0,1,0
0,39.0,0.0,1.0,3,1,0,0,1,0,1,0
0,18.0,7.775,0.0,3,0,0,1,1,0,1,0
0,39.0,13.0,1.0,3,0,1,0,1,0,1,0
1,33.0,53.1,0.0,3,1,0,0,1,0,0,1
0,26.0,7.8875,1.0,3,0,0,1,1,0,1,0
0,39.0,24.15,1.0,3,0,0,1,1,0,1,0
0,35.0,10.5,1.0,3,0,1,0,1,0,1,0
0,6.0,31.275,0.0,3,0,0,1,0,1,0,1
0,30.5,8.05,1.0,3,0,0,1,1,0,1,0
0,42.86999928155877,0.0,1.0,3,1,0,0,1,0,1,0
0,23.0,7.925,0.0,3,0,0,1,1,0,1,0
0,31.0,37.0042,1.0,0,0,1,0,0,1,0,1
0,43.0,6.45,1.0,3,0,0,1,1,0,1,0
0,10.0,27.9,1.0,3,0,0,1,0,1,0,1
1,52.0,93.5,0.0,3,1,0,0,0,1,0,1
1,27.0,8.6625,1.0,3,0,0,1,1,0,1,0
0,38.0,0.0,1.0,3,1,0,0,1,0,1,0
1,27.0,12.475,0.0,3,0,0,1,0,1,1,0
0,2.0,39.6875,1.0,3,0,0,1,0,1,0,1
0,27.859044584552713,6.95,1.0,2,0,0,1,1,0,1,0
0,27.82220846463336,56.4958,1.0,3,0,0,1,1,0,1,0
1,1.0,37.0042,1.0,0,0,1,0,0,1,1,0
1,27.847494688542316,7.75,1.0,2,0,0,1,1,0,1,0
1,62.0,80.0,0.0,2,1,0,0,1,0,1,0
1,15.0,14.4542,0.0,0,0,0,1,1,0,0,1
1,0.83,18.75,1.0,3,0,1,0,0,1,0,1
0,26.49806381630395,7.2292,1.0,0,0,0,1,1,0,1,0
0,23.0,7.8542,1.0,3,0,0,1,1,0,1,0
0,18.0,8.3,1.0,3,0,0,1,1,0,1,0
1,39.0,83.1583,0.0,0,1,0,0,0,1,0,1
0,21.0,8.6625,1.0,3,0,0,1,1,0,1,0
0,28.521638404808986,8.05,1.0,3,0,0,1,1,0,1,0
1,32.0,56.4958,1.0,3,0,0,1,1,0,1,0
1,40.405784610361074,29.7,1.0,0,1,0,0,1,0,1,0
0,20.0,7.925,1.0,3,0,0,1,1,0,1,0
0,16.0,10.5,1.0,3,0,1,0,1,0,1,0
1,30.0,31.0,0.0,0,1,0,0,1,0,1,0
0,34.5,6.4375,1.0,0,0,0,1,1,0,1,0
0,17.0,8.6625,1.0,3,0,0,1,1,0,1,0
0,42.0,7.55,1.0,3,0,0,1,1,0,1,0
0,-4.764172919126047,69.55,1.0,3,0,0,1,0,1,0,1
0,35.0,7.8958,1.0,0,0,0,1,1,0,1,0
0,28.0,33.0,1.0,3,0,1,0,0,1,1,0
1,32.56845574072051,89.1042,0.0,0,1,0,0,1,0,0,1
0,4.0,31.275,1.0,3,0,0,1,0,1,0,1
0,74.0,7.775,1.0,3,0,0,1,1,0,1,0
0,9.0,15.2458,0.0,0,0,0,1,0,1,0,1
1,16.0,39.4,0.0,3,1,0,0,0,1,1,0
0,44.0,26.0,0.0,3,0,1,0,1,0,0,1
1,18.0,9.35,0.0,3,0,0,1,0,1,1,0
1,45.0,164.8667,0.0,3,1,0,0,0,1,0,1
1,51.0,26.55,1.0,3,1,0,0,1,0,1,0
1,24.0,19.2583,0.0,0,0,0,1,0,1,1,0
0,26.49806381630395,7.2292,1.0,0,0,0,1,1,0,1,0
0,41.0,14.1083,1.0,3,0,0,1,1,0,0,1
0,21.0,11.5,1.0,3,0,1,0,1,0,0,1
1,48.0,25.9292,0.0,3,1,0,0,1,0,1,0
0,-7.89950660012844,69.55,0.0,3,0,0,1,0,1,0,1
0,24.0,13.0,1.0,3,0,1,0,1,0,1,0
1,42.0,13.0,0.0,3,0,1,0,1,0,1,0
1,27.0,13.8583,0.0,0,0,1,0,1,0,0,1
0,31.0,50.4958,1.0,3,1,0,0,1,0,1,0
0,28.50070421829014,9.5,1.0,3,0,0,1,1,0,1,0
1,4.0,11.1333,1.0,3,0,0,1,0,1,0,1
0,26.0,7.8958,1.0,3,0,0,1,1,0,1,0
1,47.0,52.5542,0.0,3,1,0,0,0,1,0,1
0,33.0,5.0,1.0,3,1,0,0,1,0,1,0
0,47.0,9.0,1.0,3,0,0,1,1,0,1,0
1,28.0,24.0,0.0,0,0,1,0,1,0,0,1
1,15.0,7.225,0.0,0,0,0,1,1,0,1,0
0,20.0,9.8458,1.0,3,0,0,1,1,0,1,0
0,19.0,7.8958,1.0,3,0,0,1,1,0,1,0
0,28.52386464726499,7.8958,1.0,3,0,0,1,1,0,1,0
1,56.0,83.1583,0.0,0,1,0,0,0,1,1,0
1,25.0,26.0,0.0,3,0,1,0,0,1,1,0
0,33.0,7.8958,1.0,3,0,0,1,1,0,1,0
0,22.0,10.5167,0.0,3,0,0,1,1,0,1,0
0,28.0,10.5,1.0,3,0,1,0,1,0,1,0
0,25.0,7.05,1.0,3,0,0,1,1,0,1,0
0,39.0,29.125,0.0,2,0,0,1,0,1,1,0
0,27.0,13.0,1.0,3,0,1,0,1,0,1,0
1,19.0,30.0,0.0,3,1,0,0,1,0,1,0
0,19.676539567855563,23.45,0.0,3,0,0,1,0,1,0,1
1,26.0,30.0,1.0,0,1,0,0,1,0,1,0
0,32.0,7.75,1.0,2,0,0,1,1,0,1,0
